{
  "project_info": {
    "project_number": "672465321202",
    "firebase_url": "https://ardia-fe2eb.firebaseio.com",
    "project_id": "ardia-fe2eb",
    "storage_bucket": "ardia-fe2eb.appspot.com"
  },
  "client": [
    {
      "client_info": {
        "mobilesdk_app_id": "1:672465321202:android:82dbed84b99ad838a4646b",
        "android_client_info": {
          "package_name": "com.socialapp.ardia"
        }
      },
      "oauth_client": [
        {
          "client_id": "672465321202-ig3lj4rg86ssngffpeaif4cl69d4ntnm.apps.googleusercontent.com",
          "client_type": 1,
          "android_info": {
            "package_name": "com.socialapp.ardia",
            "certificate_hash": "44ec192b2d9ff937f58b32fa9ba684abbaf1240b"
          }
        },
        {
          "client_id": "672465321202-8mf5bkpabsi9n02ilc6eseire9nojrvs.apps.googleusercontent.com",
          "client_type": 3
        }
      ],
      "api_key": [
        {
          "current_key": "AIzaSyAlck1qMwveenU4qeAgr1HPBuCe6hMu408"
        }
      ],
      "services": {
        "appinvite_service": {
          "other_platform_oauth_client": [
            {
              "client_id": "672465321202-8mf5bkpabsi9n02ilc6eseire9nojrvs.apps.googleusercontent.com",
              "client_type": 3
            }
          ]
        }
      }
    }
  ],
  "configuration_version": "1"
}